[
    {
        "strName" : "UI_ACT_Draw_GlowStick_Deny",
        "strTitle" : "",
        "strDesc" : "[us] does not have a glow stick to draw.",
        "strActionGroup" : "Use",
        "strTargetPoint" : null,
        "fTargetPointRange" : 0,
        "strAnim"           : null,
        "strBubble"         : null,
        "aInverse"          : [
        ],
        "fDuration"         : 0.00027,
        "strThemType"       : "Other",
        "strRaiseUI"        : null,
        "nLogging"         : 1,
        "LootCTsUs"       : null,
        "LootCTsThem"     : null,
        "CTTestUs"           : null,
        "CTTestThem"         : null,
        "aLootItms"   		: [
        ],
        "objLootModeSwitch"    : null
      },
      {
        "strName" : "UI_Draw_GlowStick",
        "strTitle" : "Draw Glow Stick",
        "strDesc" : "[us] is going to draw a glow stick from [them].",
        "strTooltip" : "Slots a glow stick to an empty hand slot.",
        "strActionGroup" : "Use",
        "strTargetPoint" : "use",
        "fTargetPointRange" : 1,
        "strAnim"           : null,
        "strBubble"         : "BblTouch",
        "aInverse"          : [
          "UI_ACT_Draw_GlowStick_Allow",
          "UI_ACT_Draw_GlowStick_Deny"
        ],
        "fDuration"         : 0.000027,
        "bIgnoreFeelings" : true,
        "strThemType"       : "Other",
        "strRaiseUI"        : null,
        "nLogging"         : 1,
        "bOpener"     : true,
        "LootCTsUs"       : null,
        "LootCTsThem"     : null,
        "CTTestUs"           : null,
        "CTTestThem"         : null,
        "aLootItms"       : [
        ],
        "objLootModeSwitch"    : null
      },
      {
        "strName" : "UI_ACT_Draw_GlowStick_Allow",
        "strTitle" : "Draw Glow Stick: Done",
        "strActionGroup" : "Use",
        "strDesc" : "",
        "strTargetPoint" : null,
        "fTargetPointRange" : 0,
        "strAnim"           : null,
        "strBubble"         : null,
        "aInverse"          : [
        ],
        "fDuration"         : 0.000027,
        "bIgnoreFeelings" : true,
        "strThemType"       : "Other",
        "strRaiseUI"        : null,
        "nLogging"         : 1,
        "LootCTsUs"       : null,
        "LootCTsThem"     : null,
        "CTTestUs"           : null,
        "CTTestThem"         : null,
        "bEquip"            : true,
        "aLootItms"       : [
          "Give,UI_CT_GlowStick,false,false"
        ],
        "objLootModeSwitch"    : null
      }
]