[
    {
        "strName" : "UI_Itm_GlowStick_Red_Box",
        "strNameShort" : "Glow Stick Box",
        "strNameFriendly" : "'Unknown Industries' Red Glow Stick Box",
        "strDesc" : "A 10-count 'Unknown Industries'-brand red glow stick box.",
        "strItemDef" : "UI_Itm_GlowStick_Red_Box_Empty",
        "strType"    : "Item",
        "strLoot"    : null,
        "aInteractions" : [
          "Inventory",
          "UI_Draw_GlowStick",
          "DropItem",
          "PickupItem"
        ],
        "aStartingConds" : [
          "IsBurnable=1.0x1.0",
          "IsFlexible=1.0x1",
          "IsHandheld=1.0x1",
          "IsContainer=1.0x1.0",
          "IsSolid=1.0x1.0",
          "IsPocketable=1.0x1",
          "StatBasePrice=1.0x1.0",
          "StatMass=1.0x0.025",
          "StatDamageMax=1.0x2"
        ],
        "strContainerCT"    : "TIsFitContainerPartsSmall",
        "nContainerHeight"   : 1,
        "nContainerWidth"   : 1,
        "mapCondTolerance"       : [
        ],
        "mapPoints"      : [
        ],
        "mapChargeProfiles"  : [
          "Melee","MeleeAttackDefaultExtraFragile"
        ],
        "mapAltItemDefs"  : [
          "IsSolid","UI_Itm_GlowStick_Red_Box"
        ],
        "aUpdateCommands" : [
          "Destructable,StatDamage,ACTDefaultDestroy,StatDamageMax,1.0"
        ],
        "mapGUIPropMaps"  : [
        ],
        "strPortraitImg"  : "glowstick_box/UI_Itm_GlowStick_Red_Box_Empty",
        "strAudioEmitter" : "ItmMediumPartsGeneralSound03",
        "mapSlotEffects" : [
          "heldL","HeldItmDefaultSoftL",
          "heldR","HeldItmDefaultSoftR"
        ],
        "jsonPI"            : null
      },
      {
        "strName" : "UI_Itm_GlowStick_Green_Box",
        "strNameShort" : "Glow Stick Box",
        "strNameFriendly" : "'Unknown Industries' Green Glow Stick Box",
        "strDesc" : "A 10-count 'Unknown Industries'-brand Green glow stick box.",
        "strItemDef" : "UI_Itm_GlowStick_Green_Box_Empty",
        "strType"    : "Item",
        "strLoot"    : null,
        "aInteractions" : [
          "Inventory",
          "UI_Draw_GlowStick",
          "DropItem",
          "PickupItem"
        ],
        "aStartingConds" : [
          "IsBurnable=1.0x1.0",
          "IsFlexible=1.0x1",
          "IsHandheld=1.0x1",
          "IsContainer=1.0x1.0",
          "IsSolid=1.0x1.0",
          "IsPocketable=1.0x1",
          "StatBasePrice=1.0x1.0",
          "StatMass=1.0x0.025",
          "StatDamageMax=1.0x2"
        ],
        "strContainerCT"    : "TIsFitContainerPartsSmall",
        "nContainerHeight"   : 1,
        "nContainerWidth"   : 1,
        "mapCondTolerance"       : [
        ],
        "mapPoints"      : [
        ],
        "mapChargeProfiles"  : [
          "Melee","MeleeAttackDefaultExtraFragile"
        ],
        "mapAltItemDefs"  : [
          "IsSolid","UI_Itm_GlowStick_Green_Box"
        ],
        "aUpdateCommands" : [
          "Destructable,StatDamage,ACTDefaultDestroy,StatDamageMax,1.0"
        ],
        "mapGUIPropMaps"  : [
        ],
        "strPortraitImg"  : "glowstick_box/UI_Itm_GlowStick_Green_Box_Empty",
        "strAudioEmitter" : "ItmMediumPartsGeneralSound03",
        "mapSlotEffects" : [
          "heldL","HeldItmDefaultSoftL",
          "heldR","HeldItmDefaultSoftR"
        ],
        "jsonPI"            : null
      },
      {
        "strName" : "UI_Itm_GlowStick_Blue_Box",
        "strNameShort" : "Glow Stick Box",
        "strNameFriendly" : "'Unknown Industries' Blue Glow Stick Box",
        "strDesc" : "A 10-count 'Unknown Industries'-brand Blue glow stick box.",
        "strItemDef" : "UI_Itm_GlowStick_Blue_Box_Empty",
        "strType"    : "Item",
        "strLoot"    : null,
        "aInteractions" : [
          "Inventory",
          "UI_Draw_GlowStick",
          "DropItem",
          "PickupItem"
        ],
        "aStartingConds" : [
          "IsBurnable=1.0x1.0",
          "IsFlexible=1.0x1",
          "IsHandheld=1.0x1",
          "IsContainer=1.0x1.0",
          "IsSolid=1.0x1.0",
          "IsPocketable=1.0x1",
          "StatBasePrice=1.0x1.0",
          "StatMass=1.0x0.025",
          "StatDamageMax=1.0x2"
        ],
        "strContainerCT"    : "TIsFitContainerPartsSmall",
        "nContainerHeight"   : 1,
        "nContainerWidth"   : 1,
        "mapCondTolerance"       : [
        ],
        "mapPoints"      : [
        ],
        "mapChargeProfiles"  : [
          "Melee","MeleeAttackDefaultExtraFragile"
        ],
        "mapAltItemDefs"  : [
          "IsSolid","UI_Itm_GlowStick_Blue_Box"
        ],
        "aUpdateCommands" : [
          "Destructable,StatDamage,ACTDefaultDestroy,StatDamageMax,1.0"
        ],
        "mapGUIPropMaps"  : [
        ],
        "strPortraitImg"  : "glowstick_box/UI_Itm_GlowStick_Blue_Box_Empty",
        "strAudioEmitter" : "ItmMediumPartsGeneralSound03",
        "mapSlotEffects" : [
          "heldL","HeldItmDefaultSoftL",
          "heldR","HeldItmDefaultSoftR"
        ],
        "jsonPI"            : null
      },
      {
        "strName" : "UI_Itm_GlowStick_Purple_Box",
        "strNameShort" : "Glow Stick Box",
        "strNameFriendly" : "'Unknown Industries' Purple Glow Stick Box",
        "strDesc" : "A 10-count 'Unknown Industries'-brand Purple glow stick box.",
        "strItemDef" : "UI_Itm_GlowStick_Purple_Box_Empty",
        "strType"    : "Item",
        "strLoot"    : null,
        "aInteractions" : [
          "Inventory",
          "UI_Draw_GlowStick",
          "DropItem",
          "PickupItem"
        ],
        "aStartingConds" : [
          "IsBurnable=1.0x1.0",
          "IsFlexible=1.0x1",
          "IsHandheld=1.0x1",
          "IsContainer=1.0x1.0",
          "IsSolid=1.0x1.0",
          "IsPocketable=1.0x1",
          "StatBasePrice=1.0x1.0",
          "StatMass=1.0x0.025",
          "StatDamageMax=1.0x2"
        ],
        "strContainerCT"    : "TIsFitContainerPartsSmall",
        "nContainerHeight"   : 1,
        "nContainerWidth"   : 1,
        "mapCondTolerance"       : [
        ],
        "mapPoints"      : [
        ],
        "mapChargeProfiles"  : [
          "Melee","MeleeAttackDefaultExtraFragile"
        ],
        "mapAltItemDefs"  : [
          "IsSolid","UI_Itm_GlowStick_Purple_Box"
        ],
        "aUpdateCommands" : [
          "Destructable,StatDamage,ACTDefaultDestroy,StatDamageMax,1.0"
        ],
        "mapGUIPropMaps"  : [
        ],
        "strPortraitImg"  : "glowstick_box/UI_Itm_GlowStick_Purple_Box_Empty",
        "strAudioEmitter" : "ItmMediumPartsGeneralSound03",
        "mapSlotEffects" : [
          "heldL","HeldItmDefaultSoftL",
          "heldR","HeldItmDefaultSoftR"
        ],
        "jsonPI"            : null
      }
]