[
    {
        "strName": "US_Mini_EVA_Helmet",
        "strNameShort": "EVA Helmet",
        "strNameFriendly": "Mini EVA Helmet",
        "strDesc": "It should go without saying that a hermetically sealed EVA suit is significantly less useful without its helmet. And yet, the ISSB reports that in 55 years of recorded space colonisation, 37 users have entered vacuum without their helmet, in all cases fatally.",
        "strItemDef": "US_Mini_EVA_Helmet",
        "strType": "Item",
        "strLoot": null,
        "aInteractions": [
          "EquipItem",
          "DropItem",
          "PickupItem"
        ],
        "aStartingConds": [
            "IsPowered=1.0x1",
      "IsReadyPumpAir=1.0x1.0",
      "IsPowerObservable=1.0x1",
          "IsEVAHelmet=1.0x1.0",
          "IsRigid=1.0x1.0",
          "IsSolid=1.0x1.0",
          "IsClippable=1.0x1",
          "StatMass=1.0x2.0",
          "StatBasePrice=1.0x2500.0",
          "StatDamageMax=1.0x10",
          "StatDismantleProgressMax=1.0x10",
          "StatArmorBlunt=1.0x1.25",
          "StatArmorCut=1.0x1.5",
          "IsCategorySpaceSuits=1.0x1"
        ],
        "mapCondTolerance": [],
        "mapPoints": [],
        "mapChargeProfiles": [
          "Melee",
          "MeleeAttackDefaultFragile"
        ],
        "aUpdateCommands": [
          "Destructable,StatDamage,ACTHelmet03Damage,StatDamageMax,1.0"
        ],
        "mapGUIPropMaps": null,
        "strPortraitImg": "CrewHelmet03",
        "strAudioEmitter": "ItmGasHelmetSound",
        "mapSlotEffects": [
          "head_out",
          "HelmetEVA03",
          "heldL",
          "HeldItmDefaultL",
          "heldR",
          "HeldItmDefaultR"
        ],
        "aTickers": [],
        "jsonPI": null
      },
      {
        "strName": "US_Mini_EVA_Helmet_Off",
        "strNameShort": "EVA Helmet",
        "strNameFriendly": "Mini EVA Helmet (Off)",
        "strDesc": "It should go without saying that a hermetically sealed EVA suit is significantly less useful without its helmet. And yet, the ISSB reports that in 55 years of recorded space colonisation, 37 users have entered vacuum without their helmet, in all cases fatally.",
        "strItemDef": "US_Mini_EVA_Helmet",
        "strType": "Item",
        "strLoot": null,
        "aInteractions": [
          "EquipItem",
          "DropItem",
          "PickupItem"
        ],
        "aStartingConds": [
          "IsBingham=1.0x1",
          "IsEVAHelmet=1.0x1.0",
          "IsRigid=1.0x1.0",
          "IsSolid=1.0x1.0",
          "IsClippable=1.0x1",
          "StatMass=1.0x2.0",
          "StatBasePrice=1.0x2500.0",
          "StatDamageMax=1.0x10",
          "StatDismantleProgressMax=1.0x10",
          "StatArmorBlunt=1.0x1.25",
          "StatArmorCut=1.0x1.5",
          "IsCategorySpaceSuits=1.0x1"
        ],
        "mapCondTolerance": [],
        "mapPoints": [],
        "mapChargeProfiles": [
          "Melee",
          "MeleeAttackDefaultFragile"
        ],
        "aUpdateCommands": [
          "Destructable,StatDamage,ACTHelmet03Damage,StatDamageMax,1.0"
        ],
        "mapGUIPropMaps": null,
        "strPortraitImg": "CrewHelmet03",
        "strAudioEmitter": "ItmGasHelmetSound",
        "mapSlotEffects": [
          "head_out",
          "HelmetEVA03",
          "heldL",
          "HeldItmDefaultL",
          "heldR",
          "HeldItmDefaultR"
        ],
        "aTickers": [],
        "jsonPI": null
      },
      {
        "strName": "US_Mini_EVA_Helmet_Dmg",
        "strNameShort": "EVA Helmet",
        "strNameFriendly": "Mini EVA Helmet (Damaged)",
        "strDesc": "It should go without saying that a hermetically sealed EVA suit is significantly less useful without its helmet. And yet, the ISSB reports that in 55 years of recorded space colonisation, 37 users have entered vacuum without their helmet, in all cases fatally.",
        "strItemDef": "US_Mini_EVA_Helmet_Dmg",
        "strType": "Item",
        "strLoot": null,
        "aInteractions": [
          "EquipItem",
          "DropItem",
          "PickupItem"
        ],
        "aStartingConds": [
          "IsDamaged=1.0x1",
          "IsEVAHelmet=1.0x1.0",
          "IsRigid=1.0x1.0",
          "IsSolid=1.0x1.0",
          "IsClippable=1.0x1",
          "StatMass=1.0x2.0",
          "StatBasePrice=1.0x850.0",
          "StatDamageMax=1.0x30",
          "StatRepairProgressMax=1.0x650",
          "StatArmorBlunt=1.0x1.25",
          "StatArmorCut=1.0x0.8",
          "IsCategorySpaceSuits=1.0x1"
        ],
        "mapCondTolerance": [],
        "mapPoints": [],
        "mapChargeProfiles": [
          "Melee",
          "MeleeAttackDefaultFragile"
        ],
        "aUpdateCommands": [
          "Destructable,StatDamage,ACTHelmet03Destroy,StatDamageMax,1.0"
        ],
        "mapGUIPropMaps": null,
        "strPortraitImg": "CrewHelmet03Dmg02",
        "strAudioEmitter": "ItmGasHelmetSound",
        "mapSlotEffects": [
          "head_out",
          "HelmetEVA03Dmg",
          "heldL",
          "HeldItmDefaultL",
          "heldR",
          "HeldItmDefaultR"
        ],
        "aTickers": [],
        "jsonPI": null
      }
]