[
  {
    "strName": "UI_Multitool_OutfitEVA",
    "strNameShort": "EVA Suit",
    "strNameFriendly": "Multitool EVA Suit",
    "strDesc": "A hermetically sealed suit capable of protecting the user from hard vacuum with its own onboard air rebreather and O2 tank. Even unpowered it's better than nothing, by about four layers of insulation.",
    "strItemDef": "UI_Multitool_OutfitEVA",
    "strType": "Item",
    "strLoot": "ItmPocketsEVA01",
    "aSlotsWeHave": [
      "pocket_clip01",
      "pocket_EVABatt",
      "pocket_EVAO2",
      "pocket_EVACO2"
    ],
    "aInteractions": [
      "Inventory",
      "EquipItem",
      "DropItem",
      "PickupItem"
    ],
    "aStartingConds": [
      "IsIgniter=1.0x1.0",
      "IsToolSoldering=1.0x2.0",
      "IsToolStructureCutter=1.0x2.0",
      "IsToolWelding=1.0x2.0",
      "IsToolWireCutter=1.0x2.0",
      "IsBurnable=1.0x1.0",
      "IsCushion=1.0x1.0",
      "IsEVASuit=1.0x1.0",
      "IsFlexible=1.0x1.0",
      "IsPowered=1.0x1",
      "IsReadyPumpAir=1.0x1.0",
      "IsSheet=1.0x1.0",
      "IsTempInsulator=1.0x1.0",
      "IsSolid=1.0x1.0",
      "StatMass=1.0x50.0",
      "StatBasePrice=1.0x7000.0",
      "StatArmorBlunt=1.0x0.8",
      "StatArmorCut=1.0x1.0",
      "StatDamageMax=1.0x6",
      "StatDismantleProgressMax=1.0x130",
      "IsPowerObservable=1.0x1",
      "StatArmorBlunt=1.0x0.6",
      "StatArmorCut=1.0x1.0",
      "IsCategorySpaceSuits=1.0x1"
    ],
    "mapCondTolerance": [],
    "mapPoints": [],
    "mapChargeProfiles": [
      "Melee",
      "MeleeAttackDefault",
      "MeleeLaser"
    ],
    "aUpdateCommands": [
      "GasRespire2,HelmetCO2,null",
      "GasPump,HelmetO2,null",
      "Destructable,StatDamage,ACTEVASuitDestroy,StatDamageMax,1.0"
    ],
    "mapGUIPropMaps": null,
    "strPortraitImg": "CrewSuit03",
    "strAudioEmitter": "ItmBodyGeneralSound",
    "mapSlotEffects": [
      "shirt_out",
      "BodyEVA01",
      "heldL",
      "HeldItmDefaultSoftL",
      "heldR",
      "HeldItmDefaultSoftR"
    ],
    "aTickers": [
      "Power"
    ],
    "jsonPI": "EVAS_Multitool_EVASuit"
  },
  {
    "strName": "UI_Multitool_OutfitEVAOff",
    "strNameShort": "EVA Suit",
    "strNameFriendly": "Multitool EVA Suit (Off)",
    "strDesc": "A hermetically sealed suit capable of protecting the user from hard vacuum with its own onboard air rebreather and O2 tank. Even unpowered it's better than nothing, by about four layers of insulation.",
    "strItemDef": "UI_Multitool_OutfitEVA",
    "strType": "Item",
    "strLoot": "ItmPocketsEVA01",
    "aSlotsWeHave": [
      "pocket_clip01",
      "pocket_EVABatt",
      "pocket_EVAO2",
      "pocket_EVACO2"
    ],
    "aInteractions": [
      "Inventory",
      "EquipItem",
      "DropItem",
      "PickupItem"
    ],
    "aStartingConds": [
      "IsIgniter=1.0x1.0",
      "IsToolSoldering=1.0x2.0",
      "IsToolStructureCutter=1.0x2.0",
      "IsToolWelding=1.0x2.0",
      "IsToolWireCutter=1.0x2.0",
      "IsBurnable=1.0x1.0",
      "IsCushion=1.0x1.0",
      "IsEVASuit=1.0x1.0",
      "IsFlexible=1.0x1.0",
      "IsOff=1.0x1",
      "IsSheet=1.0x1.0",
      "IsTempInsulator=1.0x1.0",
      "IsSolid=1.0x1.0",
      "StatMass=1.0x50.0",
      "StatBasePrice=1.0x7000.0",
      "StatDamageMax=1.0x6",
      "StatDismantleProgressMax=1.0x130",
      "IsPowerObservable=1.0x1.0",
      "StatArmorBlunt=1.0x0.6",
      "StatArmorCut=1.0x1.0",
      "IsCategorySpaceSuits=1.0x1"
    ],
    "mapCondTolerance": [],
    "mapPoints": [],
    "mapChargeProfiles": [
      "Melee",
      "MeleeAttackDefault",
      "MeleeLaser"
    ],
    "aUpdateCommands": [
      "GasRespire2,HelmetCO2,null",
      "GasPump,HelmetO2,null",
      "Destructable,StatDamage,ACTEVASuitDestroy,StatDamageMax,1.0"
    ],
    "mapGUIPropMaps": null,
    "strPortraitImg": "CrewSuit03",
    "strAudioEmitter": "ItmBodyGeneralSound",
    "mapSlotEffects": [
      "shirt_out",
      "BodyEVA01Off",
      "heldL",
      "HeldItmDefaultSoftL",
      "heldR",
      "HeldItmDefaultSoftR"
    ],
    "aTickers": [
      "Power"
    ],
    "jsonPI": "EVAS_Multitool_EVASuit"
  },
  {
    "strName": "EVAS_MultitoolEVA01Dmg",
    "strNameShort": "EVA Suit",
    "strNameFriendly": "Multitool EVA Suit (Damaged)",
    "strDesc": "A damaged hermetically sealed suit capable of protecting the user from hard vacuum with its own onboard air rebreather and O2 tank. Even unpowered it's better than nothing, by about four layers of insulation.",
    "strItemDef": "EVAS_MultitoolEVA01Dmg",
    "strType": "Item",
    "strLoot": "ItmPocketsEVA01",
    "aSlotsWeHave": [
      "pocket_clip01",
      "pocket_EVABatt",
      "pocket_EVAO2",
      "pocket_EVACO2"
    ],
    "aInteractions": [
      "Inventory",
      "EquipItem",
      "DropItem",
      "PickupItem"
    ],
    "aStartingConds": [
      "IsBingham=1.0x1",
      "IsBurnable=1.0x1.0",
      "IsCushion=1.0x1.0",
      "IsDamaged=1.0x1",
      "IsEVASuit=1.0x1.0",
      "IsFlexible=1.0x1.0",
      "IsOff=1.0x1",
      "IsSheet=1.0x1.0",
      "IsTempInsulator=1.0x1.0",
      "IsSolid=1.0x1.0",
      "StatMass=1.0x50.0",
      "StatBasePrice=1.0x1400.0",
      "StatDamageMax=1.0x14",
      "StatRepairProgressMax=1.0x1200",
      "IsPowerObservable=1.0x1",
      "StatArmorBlunt=1.0x0.6",
      "StatArmorCut=1.0x0.6",
      "IsCategorySpaceSuits=1.0x1"
    ],
    "mapCondTolerance": [],
    "mapPoints": [],
    "mapChargeProfiles": [
      "Melee",
      "MeleeAttackDefault"
    ],
    "aUpdateCommands": [
      "Destructable,StatDamage,ACTEVASuitDestroyDmg,StatDamageMax,1.0"
    ],
    "mapGUIPropMaps": null,
    "strPortraitImg": "CrewSuit03Dmg02",
    "strAudioEmitter": "ItmBodyGeneralSound",
    "mapSlotEffects": [
      "shirt_out",
      "BodyEVA01Dmg",
      "heldL",
      "HeldItmDefaultSoftL",
      "heldR",
      "HeldItmDefaultSoftR"
    ]
  },
  {
    "strName": "EVAS_MultitoolEVAHelmet01",
    "strNameShort": "EVA Helmet",
    "strNameFriendly": "Bingham-12 EVA Helmet",
    "strDesc": "It should go without saying that a hermetically sealed EVA suit is significantly less useful without its helmet. And yet, the ISSB reports that in 55 years of recorded space colonisation, 37 users have entered vacuum without their helmet, in all cases fatally.",
    "strItemDef": "EVAS_MultitoolEVAHelmet01",
    "strType": "Item",
    "strLoot": null,
    "aInteractions": [
      "EquipItem",
      "DropItem",
      "PickupItem"
    ],
    "aStartingConds": [
      "IsBingham=1.0x1",
      "IsEVAHelmet=1.0x1.0",
      "IsRigid=1.0x1.0",
      "IsSolid=1.0x1.0",
      "IsClippable=1.0x1",
      "StatMass=1.0x2.0",
      "StatBasePrice=1.0x2500.0",
      "StatDamageMax=1.0x10",
      "StatDismantleProgressMax=1.0x10",
      "StatArmorBlunt=1.0x1.25",
      "StatArmorCut=1.0x1.5",
      "IsCategorySpaceSuits=1.0x1"
    ],
    "mapCondTolerance": [],
    "mapPoints": [],
    "mapChargeProfiles": [
      "Melee",
      "MeleeAttackDefaultFragile"
    ],
    "aUpdateCommands": [
      "Destructable,StatDamage,ACTHelmet03Damage,StatDamageMax,1.0"
    ],
    "mapGUIPropMaps": null,
    "strPortraitImg": "CrewHelmet03",
    "strAudioEmitter": "ItmGasHelmetSound",
    "mapSlotEffects": [
      "head_out",
      "HelmetEVA03",
      "heldL",
      "HeldItmDefaultL",
      "heldR",
      "HeldItmDefaultR"
    ],
    "aTickers": [],
    "jsonPI": null
  },
  {
    "strName": "EVAS_MultitoolEVAHelmet01Dmg",
    "strNameShort": "EVA Helmet",
    "strNameFriendly": "Bingham-12 EVA Helmet (Damaged)",
    "strDesc": "It should go without saying that a hermetically sealed EVA suit is significantly less useful without its helmet. And yet, the ISSB reports that in 55 years of recorded space colonisation, 37 users have entered vacuum without their helmet, in all cases fatally.",
    "strItemDef": "EVAS_MultitoolEVAHelmet01Dmg",
    "strType": "Item",
    "strLoot": null,
    "aInteractions": [
      "EquipItem",
      "DropItem",
      "PickupItem"
    ],
    "aStartingConds": [
      "IsBingham=1.0x1",
      "IsDamaged=1.0x1",
      "IsEVAHelmet=1.0x1.0",
      "IsRigid=1.0x1.0",
      "IsSolid=1.0x1.0",
      "IsClippable=1.0x1",
      "StatMass=1.0x2.0",
      "StatBasePrice=1.0x850.0",
      "StatDamageMax=1.0x30",
      "StatRepairProgressMax=1.0x650",
      "StatArmorBlunt=1.0x1.25",
      "StatArmorCut=1.0x0.8",
      "IsCategorySpaceSuits=1.0x1"
    ],
    "mapCondTolerance": [],
    "mapPoints": [],
    "mapChargeProfiles": [
      "Melee",
      "MeleeAttackDefaultFragile"
    ],
    "aUpdateCommands": [
      "Destructable,StatDamage,ACTHelmet03Destroy,StatDamageMax,1.0"
    ],
    "mapGUIPropMaps": null,
    "strPortraitImg": "CrewHelmet03Dmg02",
    "strAudioEmitter": "ItmGasHelmetSound",
    "mapSlotEffects": [
      "head_out",
      "HelmetEVA03Dmg",
      "heldL",
      "HeldItmDefaultL",
      "heldR",
      "HeldItmDefaultR"
    ],
    "aTickers": [],
    "jsonPI": null
  }
]