[
    {
        "strName": "UI_Itm_Kiosk_UnknownIndustries",
        "strNameShort": "Kiosk",
        "strNameFriendly": "Supply Kiosk",
        "strDesc": "A kiosk operated by Unknown Industries.",
        "strItemDef": "UI_Itm_Kiosk_UnknownIndustries",
        "strType": "Item",
        "strLoot": null,
        "aInteractions": [
            "ACTKioskUseNPC",
            "GUITradeKiosk"
        ],
        "aStartingConds": [
            "IsHiddenInv=1.0x1",
            "IsInfiniteContainer=1.0x1",
            "IsInstalled=1.0x1",
            "IsIndestructable=1.0x1",
            "IsKiosk=1.0x1",
            "IsKioskNPC=1.0x1",
            "IsLocked=1.0x1.0",
            "IsReadyRestock=1.0x1.0",
            "IsSalvageValueHigh=1.0x1.0",
            "IsSolid=1.0x1.0",
            "IsTraderNPC=1.0x1",
            "StatMass=1.0x31.0",
            "StatDamageMax=1.0x70",
            "IsMechanical=1.0x1",
            "IsCategoryIndustrialProducts=1.0x1"
        ],
        "strContainerCT": "TIsFitContainerUnlimited",
        "mapCondTolerance": [],
        "mapPoints": [
            "use,0,-16"
        ],
        "aUpdateCommands": [],
        "mapGUIPropMaps": [
            "Panel A",
            "Trade",
            "Trade",
            "Trade",
            "Trader",
            "UI_UnknownIndustries_Kiosk"
        ],
        "strPortraitImg": "unknownindustries/UI_Itm_Kiosk_UnknownIndustries",
        "jsonPI": null,
        "strAudioEmitter": "ItmKioskHealth01Sound"
    }
]