[
    {
        "strName" : "UI_Itm_Kiosk_UnknownIndustries",
        "strImg"  : "unknownindustries/UI_Itm_Kiosk_UnknownIndustries",
        "strImgNorm"  : "unknownindustries/UI_Itm_Kiosk_UnknownIndustries_Normal",
        "strImgDamaged" : "",
        "strDmgColor" : "DamageTintGrey",
        "fDmgComplexity" : 500,
        "fZScale"  : 0.5,
        "nCols"  : 5,
        "aSocketAdds"    : [
          "TILFixtureAdds", "TILFixtureAdds", "TILFixtureAdds", "TILFixtureAdds", "TILFixtureAdds"
        ],
        "aSocketForbids"    : [
          "Blank", "Blank", "Blank", "Blank", "Blank", "Blank", "Blank",
          "Blank", "TILObstruction", "TILObstruction", "TILObstruction", "TILObstruction", "TILObstruction", "Blank",
          "Blank", "TILObstruction", "TILObstruction", "TILObstruction", "TILObstruction", "TILObstruction", "Blank"
        ],
        "aSocketReqs"    : [
          "Blank", "TILWall", "TILWall", "TILWall", "TILWall", "TILWall", "Blank",
          "Blank", "TILFloor", "TILFloor", "TILFloor", "TILFloor", "TILFloor", "Blank",
          "Blank", "TILFloor", "TILFloor", "TILFloor", "TILFloor", "TILFloor", "Blank"
        ]
      }
]