[
  {
    "strName": "UI_GlowStick_Red",
    "strImg": "glowstick/UI_Itm_GlowStick_Red_On",
    "strColor": "SignalRed",
    "fRadius": 5,
    "ptPos": {
      "x": 1,
      "y": -1
    }
  },
  {
    "strName": "UI_GlowStick_Blue",
    "strImg": "glowstick/UI_Itm_GlowStick_Blue_On",
    "strColor": "WhiteCool",
    "fRadius": 5,
    "ptPos": {
      "x": 1,
      "y": -1
    }
  },
  {
    "strName": "UI_GlowStick_Green",
    "strImg": "glowstick/UI_Itm_GlowStick_Green_On",
    "strColor": "SignalGreen",
    "fRadius": 5,
    "ptPos": {
      "x": 1,
      "y": -1
    }
  },
  {
    "strName": "UI_GlowStick_Purple",
    "strImg": "glowstick/UI_Itm_GlowStick_Purple_On",
    "strColor": "MarinerPurple",
    "fRadius": 5,
    "ptPos": {
      "x": 1,
      "y": -1
    }
  }
]