[
    {
        "strName" : "UI_Held_L_GlowStick_On",
        "strSlotImage" : null,
        "strSlotImageUnder" : null,
        "strIASlot" : null,
        "strIAUnslot" : null,
        "strIASlotParents" : "UI_SLOT_Hand_L_GlowStick_On",
        "strIAUnslotParents" : "UI_UNSLOT_Hand_L_GlowStick_On",
        "mapMeshTextures" : [
        ]
      },
      {
        "strName" : "UI_Held_R_GlowStick_On",
        "strSlotImage" : null,
        "strSlotImageUnder" : null,
        "strIASlot" : null,
        "strIAUnslot" : null,
        "strIASlotParents" : "UI_SLOT_Hand_R_GlowStick_On",
        "strIAUnslotParents" : "UI_UNSLOT_Hand_R_GlowStick_On",
        "mapMeshTextures" : [
        ]
      }
]