[
    {
        "strName" : "US_Multitool_EVA_Outfit",
        "strSlotImage" : "paperdoll/bodyOutfitEVA01",
        "strSlotImageUnder" : "paperdoll/bodyOutfitEVA01Dmg02",
        "strIASlot" : "SLOTEVASuit01",
        "strIAUnslot" : "UNSLOTEVASuit01",
        "strIASlotParents" : null,
        "strIAUnslotParents" : null,
        "aSlotsSecondary" : [
          "pants_mid", "pants_out", "back", "shoeL", "shoeR", "shirt_mid"
        ],
        "mapMeshTextures" : [
          "EVA","Crew2EVA",
          "EVABackpack","Crew2EVA:Crew2EVAn"
        ]
      },
      {
        "strName" : "US_Multitool_Outfit_Off",
        "strSlotImage" : "paperdoll/bodyOutfitEVA01",
        "strSlotImageUnder" : "paperdoll/bodyOutfitEVA01Dmg02",
        "strIASlot" : "SLOTEVASuit01Off",
        "strIAUnslot" : "UNSLOTEVASuit01Off",
        "strIASlotParents" : null,
        "strIAUnslotParents" : null,
        "aSlotsSecondary" : [
          "pants_mid", "pants_out", "back", "shoeL", "shoeR", "shirt_mid"
        ],
        "mapMeshTextures" : [
          "EVA","Crew2EVA",
          "EVABackpack","Crew2EVA:Crew2EVAn"
        ]
      },
      {
        "strName" : "US_Multitool_Outfit_Dmg",
        "strSlotImage" : "paperdoll/bodyOutfitEVA01Dmg02",
        "strSlotImageUnder" : null,
        "strIASlot" : "SLOTEVASuit01Off",
        "strIAUnslot" : "UNSLOTEVASuit01Off",
        "strIASlotParents" : null,
        "strIAUnslotParents" : null,
        "aSlotsSecondary" : [
          "pants_mid", "pants_out", "back", "shoeL", "shoeR", "shirt_mid"
        ],
        "mapMeshTextures" : [
          "EVA","Crew2EVA",
          "EVABackpack","Crew2EVA:Crew2EVAn"
        ]
      }
]