[
    {
        "strName": "UI_Itm_Kiosk_UnknownIndustries_Undamage",
        "strActionCO": "UI_Itm_Kiosk_UnknownIndustries",
        "strActionGroup": "Work",
        "strTooltip": "Reduces item's wear and tear to prevent damage.",
        "strInteractionTemplate": "ACTUndamageTEMP",
        "CTThem": "TIsUndamageableNotContained",
        "aInputs": [],
        "fTargetPointRange": 3.0,
        "fDuration": 0.001,
        "bSparks": true,
        "aToolCTsUse": [
            "TIsToolMortorq",
            "TIsToolSoldering"
        ],
        "aLootCOs": [
            "UI_Itm_Kiosk_UnknownIndustries"
        ],
        "strJobType": "repair",
        "strAllowLootCTsUs": "CTWorkProgressAPPS",
        "strAllowLootCTsThem": "CONDUndamageProgress",
        "strProgressStat": "StatDamage",
        "strCTThemMultCondTools": "IsToolMortorq",
        "strCTThemMultCondUs": "StatInstallRateAPPS"
    }
]